ts,symbol,type,div,combined_div,conf,volz_avg,ts_align,diversity_adj,cascade_tag,target_R
2025-08-11T08:54:22Z,BTC/USD,crypto,0.815,0.815,0.674,-0.15694915011031332,1,0.019,,0.25
2025-08-11T08:54:22Z,ETH/USD,crypto,0.149,0.149,0.855,0.021045934984170244,2,-0.021,,0.7
2025-08-11T08:54:22Z,SPY,stock,-0.022,-0.022,0.776,0.73261655243709,3,0.007,,0.51
2025-08-11T08:54:22Z,AAPL,stock,0.569,0.569,0.647,0.7015237844488147,3,0.021,,0.0
2025-08-11T08:54:22Z,MSFT,stock,0.474,0.474,0.563,-0.6693198082984252,2,-0.036,,0.0
2025-08-11T08:54:52Z,BTC/USD,crypto,0.464,0.464,0.503,0.13269648259722613,1,-0.02,HYPE_ONLY,0.0
2025-08-11T08:54:52Z,ETH/USD,crypto,0.033,0.033,0.565,0.47901428757391923,1,-0.033,,0.0
2025-08-11T08:54:52Z,SPY,stock,0.908,0.908,0.588,0.08703614584445472,1,0.012,HYPE_ONLY,0.0
2025-08-11T08:54:52Z,AAPL,stock,0.035,0.035,0.894,-0.04730630760069374,1,0.018,,0.42
2025-08-11T08:54:52Z,MSFT,stock,0.06,0.06,0.689,-0.027796838958072636,3,0.013,HYPE_ONLY,0.54
2025-08-11T09:33:49Z,BTC/USD,crypto,-0.245,-0.245,0.795,0.1257109340795033,1,-0.029,,0.44
2025-08-11T09:33:49Z,ETH/USD,crypto,-0.16,-0.16,0.745,-0.23223321559833535,1,0.035,,0.62
2025-08-11T09:33:49Z,SPY,stock,-0.443,-0.443,0.733,-0.6198296298003223,2,-0.026,HYPE_ONLY,0.25
2025-08-11T09:33:49Z,AAPL,stock,-0.099,-0.099,0.639,0.580393189773437,2,-0.032,,0.0
2025-08-11T09:33:49Z,MSFT,stock,-0.991,-0.991,0.731,-0.7686463510151681,2,0.029,,0.39
2025-08-11T09:45:21Z,BTC/USD,crypto,0.969,0.969,0.582,0.23465314376622182,1,-0.038,,0.0
2025-08-11T09:45:21Z,ETH/USD,crypto,-0.903,-0.903,0.635,-0.6287900775164464,2,0.021,,0.0
2025-08-11T09:45:21Z,SPY,stock,0.142,0.142,0.513,0.3262863335200393,3,0.027,,0.0
2025-08-11T09:45:21Z,AAPL,stock,-0.602,-0.602,0.666,0.29944905038732195,3,0.003,,0.59
2025-08-11T09:45:21Z,MSFT,stock,0.55,0.55,0.859,-0.7020008003845347,2,-0.042,HYPE_ONLY,0.65
2025-08-11T09:49:42Z,BTC/USD,crypto,-0.238,-0.238,0.525,-0.4212617480459762,3,0.014,HYPE_ONLY,0.0
2025-08-11T09:49:42Z,ETH/USD,crypto,0.171,0.171,0.523,0.5258629298556617,3,-0.038,,0.0
2025-08-11T09:49:42Z,SPY,stock,-0.758,-0.758,0.788,0.2161338171939107,3,0.035,,0.25
2025-08-11T09:49:42Z,AAPL,stock,0.705,0.705,0.856,-0.6419194205178024,3,-0.011,,0.45
2025-08-11T09:49:42Z,MSFT,stock,-0.577,-0.577,0.69,0.3953111476501037,1,-0.022,HYPE_ONLY,0.57
2025-08-11T09:50:21Z,BTC/USD,crypto,-0.217,-0.217,0.619,-0.03898550839452657,3,0.036,,0.0
2025-08-11T09:50:21Z,ETH/USD,crypto,-0.534,-0.534,0.744,0.4195581835907971,2,-0.043,,0.39
2025-08-11T09:50:21Z,SPY,stock,0.57,0.57,0.794,0.2673669277081343,3,0.019,,0.34
2025-08-11T09:50:21Z,AAPL,stock,-0.184,-0.184,0.669,-0.2348897710680571,3,0.0,,0.44
2025-08-11T09:50:21Z,MSFT,stock,0.506,0.506,0.767,0.7423603013405571,3,-0.0,,0.41
2025-08-11T10:24:12Z,BTC/USD,crypto,0.28,0.28,0.546,-0.5197765327888552,3,0.032,,0.0
2025-08-11T10:24:12Z,ETH/USD,crypto,-0.498,-0.498,0.883,0.7828776074295333,2,-0.005,HYPE_ONLY,0.44
2025-08-11T10:24:12Z,SPY,stock,0.551,0.551,0.684,0.025082637660738174,1,-0.014,,0.35
2025-08-11T10:24:12Z,AAPL,stock,-0.598,-0.598,0.826,0.28005636906740744,3,0.043,HYPE_ONLY,0.68
2025-08-11T10:24:12Z,MSFT,stock,-0.332,-0.332,0.651,0.6089468175713716,2,0.016,HYPE_ONLY,0.32
2025-08-11T10:25:31Z,BTC/USD,crypto,0.836,0.836,0.521,0.5678456992865133,1,0.001,,0.0
2025-08-11T10:25:31Z,ETH/USD,crypto,0.462,0.462,0.765,0.7204421094611932,2,0.004,,0.52
2025-08-11T10:25:31Z,SPY,stock,0.237,0.237,0.709,0.3852395862415017,1,0.039,,0.71
2025-08-11T10:25:31Z,AAPL,stock,0.642,0.642,0.623,0.6310941465927092,2,-0.015,,0.0
2025-08-11T10:25:31Z,MSFT,stock,-0.674,-0.674,0.522,-0.3692143790172304,1,0.05,,0.0
2025-08-11T10:40:57Z,BTC/USD,crypto,-0.323,-0.323,0.622,-0.3111756633439066,1,0.022,,0.0
2025-08-11T10:40:57Z,ETH/USD,crypto,-0.203,-0.203,0.657,-0.4813610206761776,2,-0.035,HYPE_ONLY,0.51
2025-08-11T10:40:57Z,SPY,stock,-0.329,-0.329,0.893,-0.2505839205056711,1,-0.012,,0.42
2025-08-11T10:40:57Z,AAPL,stock,0.105,0.105,0.688,-0.5612101275266372,2,0.021,,0.27
2025-08-11T10:40:57Z,MSFT,stock,0.409,0.409,0.613,-0.48238618805614525,1,-0.016,HYPE_ONLY,0.0
2025-08-11T10:55:06Z,BTC/USD,crypto,0.098,0.098,0.71,-0.46244237503954255,2,0.022,HYPE_ONLY,0.45
2025-08-11T10:55:06Z,ETH/USD,crypto,-0.359,-0.359,0.773,-0.6342644730203876,2,0.008,,0.33
2025-08-11T10:55:06Z,SPY,stock,-0.756,-0.756,0.588,0.21311117795857226,1,-0.013,HYPE_ONLY,0.0
2025-08-11T10:55:06Z,AAPL,stock,-0.309,-0.309,0.855,-0.6709870295060645,3,-0.003,,0.74
2025-08-11T10:55:06Z,MSFT,stock,0.529,0.529,0.573,0.14209505614213977,3,-0.045,,0.0
2025-08-11T11:05:15Z,BTC/USD,crypto,-0.995,-0.995,0.829,-0.25395811675653857,1,0.01,,0.72
2025-08-11T11:05:15Z,ETH/USD,crypto,0.803,0.803,0.657,-0.41525649397844333,1,-0.043,,0.6
2025-08-11T11:05:15Z,SPY,stock,-0.134,-0.134,0.815,-0.39985187653860965,3,0.001,HYPE_ONLY,0.68
2025-08-11T11:05:15Z,AAPL,stock,0.459,0.459,0.895,-0.6853802825998425,1,-0.037,HYPE_ONLY,0.58
2025-08-11T11:05:15Z,MSFT,stock,0.232,0.232,0.748,0.38304042029402896,3,0.04,,0.25
2025-08-11T11:13:14Z,BTC/USD,crypto,-0.886,-0.886,0.605,0.25526523024754016,2,-0.003,,0.0
2025-08-11T11:13:14Z,ETH/USD,crypto,-0.511,-0.511,0.599,-0.12047473880854653,3,0.004,,0.0
2025-08-11T11:13:14Z,SPY,stock,-0.82,-0.82,0.779,0.29344025795568757,3,-0.044,,0.51
2025-08-11T11:13:14Z,AAPL,stock,0.773,0.773,0.611,0.07406450373476563,1,0.03,,0.0
2025-08-11T11:13:14Z,MSFT,stock,0.572,0.572,0.718,-0.14083425794860746,3,0.024,HYPE_ONLY,0.34
2025-08-11T11:28:11Z,BTC/USD,crypto,0.311,0.311,0.633,0.3127207222426122,3,0.02,,0.0
2025-08-11T11:28:11Z,ETH/USD,crypto,-0.946,-0.946,0.513,-0.7094893616928254,1,-0.03,,0.0
2025-08-11T11:28:11Z,SPY,stock,0.161,0.161,0.642,0.14148803326413154,1,-0.01,,0.0
2025-08-11T11:28:11Z,AAPL,stock,0.977,0.977,0.732,-0.31144184414459647,2,0.032,,0.58
2025-08-11T11:28:11Z,MSFT,stock,0.043,0.043,0.715,-0.627065916287165,3,-0.022,,0.41
2025-08-11T11:28:39Z,BTC/USD,crypto,-0.861,-0.861,0.788,-0.5067665298249638,2,-0.03,,0.31
2025-08-11T11:28:39Z,ETH/USD,crypto,-0.511,-0.511,0.563,0.24191385060806458,2,0.016,,0.0
2025-08-11T11:28:39Z,SPY,stock,-0.417,-0.417,0.668,-0.7876992889005151,2,0.044,,0.47
2025-08-11T11:28:39Z,AAPL,stock,0.819,0.819,0.616,0.4839863666086195,1,-0.009,,0.0
2025-08-11T11:28:39Z,MSFT,stock,0.634,0.634,0.74,0.08534566748579787,3,0.034,,0.64
2025-08-11T11:30:21Z,BTC/USD,crypto,0.41,0.41,0.526,0.3456285682460525,1,0.046,HYPE_ONLY,0.0
2025-08-11T11:30:21Z,ETH/USD,crypto,0.057,0.057,0.628,-0.0008613587759626284,1,0.027,,0.0
2025-08-11T11:30:21Z,SPY,stock,-0.77,-0.77,0.581,-0.6947210791850864,3,0.026,HYPE_ONLY,0.0
2025-08-11T11:30:21Z,AAPL,stock,0.133,0.133,0.826,0.17999334691961907,1,0.016,HYPE_ONLY,0.51
2025-08-11T11:30:21Z,MSFT,stock,0.352,0.352,0.806,0.4536660509862566,2,-0.044,,0.65
2025-08-11T11:32:00Z,BTC/USD,crypto,0.299,0.299,0.58,-0.5644048035804605,1,-0.011,,0.0
2025-08-11T11:32:00Z,ETH/USD,crypto,0.485,0.485,0.849,-0.40398490968586365,1,0.031,,0.52
2025-08-11T11:32:00Z,SPY,stock,-0.024,-0.024,0.813,0.10504364130676773,3,0.011,,0.5
2025-08-11T11:32:00Z,AAPL,stock,0.467,0.467,0.85,-0.26313073760396716,3,-0.017,,0.25
2025-08-11T11:32:00Z,MSFT,stock,0.113,0.113,0.503,0.025387516641536403,2,0.016,,0.0
2025-08-11T11:33:15Z,BTC/USD,crypto,-0.825,-0.825,0.746,-0.2408878519777742,3,0.032,,0.6
2025-08-11T11:33:15Z,ETH/USD,crypto,0.453,0.453,0.74,0.06178869003419258,2,0.018,HYPE_ONLY,0.4
2025-08-11T11:33:15Z,SPY,stock,0.596,0.596,0.847,-0.19859357333200123,3,-0.05,,0.39
2025-08-11T11:33:15Z,AAPL,stock,-0.484,-0.484,0.677,-0.056896905471665704,2,0.002,,0.64
2025-08-11T11:33:15Z,MSFT,stock,0.657,0.657,0.605,-0.5058130862238135,1,0.006,,0.0
2025-08-11T11:36:41Z,BTC/USD,crypto,-0.732,-0.732,0.831,-0.43292705151928385,1,0.044,,0.73
2025-08-11T11:36:41Z,ETH/USD,crypto,0.105,0.105,0.505,0.43888219997388767,1,0.044,,0.0
2025-08-11T11:36:41Z,SPY,stock,-0.467,-0.467,0.619,0.7037638827979315,1,-0.017,,0.0
2025-08-11T11:36:41Z,AAPL,stock,0.214,0.214,0.848,0.40160959271792773,2,-0.042,HYPE_ONLY,0.27
2025-08-11T11:36:41Z,MSFT,stock,-0.21,-0.21,0.653,-0.4065398272897782,3,-0.004,,0.69
2025-08-11T11:39:42Z,BTC/USD,crypto,-0.293,-0.293,0.867,-0.48351433690170115,3,0.048,,0.7
2025-08-11T11:39:42Z,ETH/USD,crypto,0.691,0.691,0.653,-0.31157902608485344,2,-0.026,HYPE_ONLY,0.36
2025-08-11T11:39:42Z,SPY,stock,-0.733,-0.733,0.546,0.6977409366164204,1,0.026,,0.0
2025-08-11T11:39:42Z,AAPL,stock,0.801,0.801,0.533,0.445245703090658,1,-0.037,,0.0
2025-08-11T11:39:42Z,MSFT,stock,0.978,0.978,0.851,-0.7668083424964828,3,-0.025,,0.27
2025-08-11T19:51:07Z,BTC/USD,crypto,-0.16,-0.16,0.79,0.22660737599629519,1,0.047,HYPE_ONLY,0.32
2025-08-11T19:51:07Z,ETH/USD,crypto,-0.805,-0.805,0.722,0.31178967686692666,1,-0.013,HYPE_ONLY,0.27
2025-08-11T19:51:07Z,AAPL,stock,-0.869,-0.869,0.863,0.6948844222635061,2,-0.002,,0.66
2025-08-11T20:11:34Z,BTC/USD,crypto,-0.538,-0.538,0.669,0.3116485768132163,3,-0.018,,0.48
2025-08-11T20:11:34Z,ETH/USD,crypto,0.904,0.904,0.583,0.24874112495145403,1,-0.008,,0.0
2025-08-11T20:11:34Z,SPY,stock,0.16,0.16,0.744,-0.35051568635116453,3,0.031,,0.44
2025-08-11T20:11:34Z,AAPL,stock,0.099,0.099,0.72,-0.05025328696821116,1,0.022,,0.5
2025-08-11T20:11:34Z,MSFT,stock,0.24,0.24,0.777,-0.5034259019777733,3,-0.0,HYPE_ONLY,0.28
2025-08-11T20:50:22Z,BTC/USD,crypto,-0.008,-0.008,0.792,-0.353819978935865,3,-0.023,HYPE_ONLY,0.65
2025-08-11T20:50:22Z,ETH/USD,crypto,-0.796,-0.796,0.523,0.06122421166615393,2,0.024,,0.0
2025-08-11T20:50:22Z,SPY,stock,-0.56,-0.56,0.7,-0.016974283258827327,2,-0.043,,0.51
2025-08-11T20:50:22Z,AAPL,stock,-0.262,-0.262,0.573,0.6995076095502236,2,0.035,,0.0
2025-08-11T20:50:22Z,MSFT,stock,0.629,0.629,0.62,0.7351921783179537,3,0.015,HYPE_ONLY,0.0
2025-08-11T22:45:16Z,BTC/USD,crypto,0.498,0.498,0.543,-0.2578522842264585,1,-0.001,,0.0
2025-08-11T22:45:16Z,ETH/USD,crypto,-0.049,-0.049,0.636,0.20546171025446522,3,-0.028,,0.0
2025-08-11T22:45:16Z,SPY,stock,-0.064,-0.064,0.571,-0.1759613105191324,3,-0.029,,0.0
2025-08-11T22:45:16Z,AAPL,stock,-0.139,-0.139,0.549,-0.4105385477047467,1,0.043,,0.0
2025-08-11T22:45:16Z,MSFT,stock,0.533,0.533,0.815,0.5271441585055895,2,0.036,,0.65
2025-08-11T22:46:14Z,BTC/USD,crypto,-0.434,-0.434,0.649,0.10046842273622686,2,0.006,,0.0
2025-08-11T22:46:14Z,ETH/USD,crypto,0.944,0.944,0.626,0.24100971865666468,2,-0.049,HYPE_ONLY,0.0
2025-08-11T22:46:14Z,SPY,stock,0.89,0.89,0.823,0.07276462706091387,2,-0.05,,0.65
2025-08-11T22:46:14Z,AAPL,stock,0.954,0.954,0.56,-0.16518772768113285,2,0.03,,0.0
2025-08-11T22:46:14Z,MSFT,stock,-0.038,-0.038,0.869,-0.402265069350689,3,0.006,HYPE_ONLY,0.39
2025-08-11T22:46:50Z,BTC/USD,crypto,0.23,0.23,0.526,0.4094963698752965,3,-0.029,HYPE_ONLY,0.0
2025-08-11T22:46:50Z,ETH/USD,crypto,0.529,0.529,0.764,-0.5023524516656123,3,0.045,,0.31
2025-08-11T22:46:50Z,SPY,stock,0.648,0.648,0.637,-0.7083286791128428,3,0.038,,0.0
2025-08-11T22:46:50Z,AAPL,stock,-0.567,-0.567,0.516,-0.7576910826764536,1,0.045,,0.0
2025-08-11T22:46:50Z,MSFT,stock,-0.855,-0.855,0.731,0.29174502023672383,3,-0.036,,0.55
2025-08-11T22:47:29Z,BTC/USD,crypto,-0.167,-0.167,0.605,-0.487744484847117,3,-0.006,,0.0
2025-08-11T22:47:29Z,ETH/USD,crypto,0.743,0.743,0.761,0.2787872186970071,2,-0.024,HYPE_ONLY,0.35
2025-08-11T22:47:29Z,SPY,stock,0.798,0.798,0.821,-0.31161815974525237,3,-0.034,HYPE_ONLY,0.29
2025-08-11T22:47:29Z,AAPL,stock,0.53,0.53,0.634,-0.07554930682976035,3,0.011,,0.0
2025-08-11T22:47:29Z,MSFT,stock,0.263,0.263,0.615,-0.17184235265571157,3,0.013,,0.0
2025-08-11T22:48:36Z,BTC/USD,crypto,0.453,0.453,0.821,0.7557091534471545,2,0.027,HYPE_ONLY,0.28
2025-08-11T22:48:36Z,ETH/USD,crypto,0.827,0.827,0.646,-0.5808909931169927,2,-0.015,,0.0
2025-08-11T22:48:36Z,SPY,stock,0.067,0.067,0.626,0.6628933187013404,1,-0.01,,0.0
2025-08-11T22:48:36Z,AAPL,stock,0.33,0.33,0.578,-0.6271651959560752,2,-0.006,,0.0
2025-08-11T22:48:36Z,MSFT,stock,0.299,0.299,0.76,0.21439570264671204,2,0.019,,0.54
2025-08-11T23:28:35Z,BTC/USD,crypto,-0.582,-0.582,0.558,-0.033635711550376084,3,0.03,HYPE_ONLY,0.0
2025-08-11T23:28:35Z,ETH/USD,crypto,-0.433,-0.433,0.83,-0.5951914660262515,1,0.006,HYPE_ONLY,0.27
2025-08-11T23:28:35Z,SPY,stock,-0.202,-0.202,0.85,0.30029039992644985,2,-0.009,,0.26
2025-08-11T23:28:35Z,AAPL,stock,0.456,0.456,0.757,-0.35455414969618687,1,0.018,,0.52
2025-08-11T23:28:35Z,MSFT,stock,0.142,0.142,0.666,-0.48651181712367375,3,0.027,,0.29
2025-08-11T23:30:48Z,BTC/USD,crypto,-0.442,-0.442,0.882,0.11528449015502566,3,0.017,HYPE_ONLY,0.53
2025-08-11T23:30:48Z,ETH/USD,crypto,-0.737,-0.737,0.515,-0.16737276210966667,3,0.041,HYPE_ONLY,0.0
2025-08-11T23:30:48Z,SPY,stock,-0.907,-0.907,0.841,-0.025585672707865114,2,0.012,HYPE_ONLY,0.61
2025-08-11T23:30:48Z,AAPL,stock,-0.424,-0.424,0.563,-0.11129430164238645,2,-0.05,HYPE_ONLY,0.0
2025-08-11T23:30:48Z,MSFT,stock,-0.17,-0.17,0.709,0.10555487322224853,1,0.013,,0.51
2025-08-11T23:37:16Z,BTC/USD,crypto,0.564,0.564,0.841,0.7359771198621305,1,-0.012,,0.7
2025-08-11T23:37:16Z,ETH/USD,crypto,-0.112,-0.112,0.712,-0.3259320939252735,3,-0.041,HYPE_ONLY,0.46
2025-08-11T23:37:16Z,SPY,stock,0.825,0.825,0.692,-0.10494533948025318,2,0.024,HYPE_ONLY,0.55
2025-08-11T23:37:16Z,AAPL,stock,0.009,0.009,0.798,-0.6038120776931409,1,0.032,,0.58
2025-08-11T23:37:16Z,MSFT,stock,-0.003,-0.003,0.849,-0.21897950999517166,3,0.038,HYPE_ONLY,0.63
2025-08-11T23:57:09Z,BTC/USD,crypto,-0.21,-0.21,0.655,-0.7262233646492439,1,-0.048,HYPE_ONLY,0.27
2025-08-11T23:57:09Z,ETH/USD,crypto,0.803,0.803,0.745,-0.095240950994134,3,0.017,,0.57
2025-08-11T23:57:09Z,SPY,stock,-0.74,-0.74,0.866,-0.3443875280938975,3,-0.038,,0.66
2025-08-11T23:57:09Z,AAPL,stock,0.053,0.053,0.853,-0.7676719308954435,1,0.006,,0.32
2025-08-11T23:57:09Z,MSFT,stock,-0.702,-0.702,0.696,-0.05245972576274979,3,0.037,,0.71
2025-08-12T00:10:04Z,BTC/USD,crypto,-0.767,-0.767,0.692,0.015509814127300991,1,-0.024,,0.26
2025-08-12T00:10:04Z,ETH/USD,crypto,-0.673,-0.673,0.791,-0.6362555703454419,2,0.024,,0.74
2025-08-12T00:10:04Z,SPY,stock,-0.963,-0.963,0.763,-0.7725656589312773,3,-0.03,,0.48
2025-08-12T00:10:04Z,AAPL,stock,-0.11,-0.11,0.602,0.2449747560526916,2,-0.038,,0.0
2025-08-12T00:10:04Z,MSFT,stock,-0.056,-0.056,0.783,-0.27095513886894357,1,0.004,,0.66
2025-08-12T00:14:16Z,BTC/USD,crypto,0.268,0.268,0.868,-0.6795502094775875,1,0.024,,0.55
2025-08-12T00:14:16Z,ETH/USD,crypto,0.486,0.486,0.875,0.46682661986235047,2,-0.016,HYPE_ONLY,0.32
2025-08-12T00:14:16Z,SPY,stock,0.069,0.069,0.518,0.16009430710010672,1,0.005,,0.0
2025-08-12T00:14:16Z,AAPL,stock,-0.685,-0.685,0.788,0.4157891477846251,1,-0.008,,0.74
2025-08-12T00:14:16Z,MSFT,stock,0.879,0.879,0.891,0.24746461110704965,1,-0.026,HYPE_ONLY,0.26
2025-08-12T00:16:22Z,BTC/USD,crypto,-0.349,-0.349,0.718,-0.07119649529384854,2,-0.018,HYPE_ONLY,0.75
2025-08-12T00:16:22Z,ETH/USD,crypto,-0.387,-0.387,0.747,0.5549709929661742,3,0.017,,0.26
2025-08-12T00:16:22Z,SPY,stock,-0.001,-0.001,0.776,0.6230590033467074,2,-0.036,,0.42
2025-08-12T00:16:22Z,AAPL,stock,0.383,0.383,0.583,0.32670202520163333,2,-0.018,,0.0
2025-08-12T00:16:22Z,MSFT,stock,-0.211,-0.211,0.619,-0.5803569901013294,1,-0.035,,0.0
2025-08-12T00:31:45Z,BTC/USD,crypto,0.318,0.318,0.52,0.37356051893002373,3,0.03,,0.0
2025-08-12T00:31:45Z,ETH/USD,crypto,-0.605,-0.605,0.813,0.4039028267109465,2,0.002,,0.61
2025-08-12T00:31:45Z,SPY,stock,0.133,0.133,0.841,0.7561691748078289,2,0.014,,0.61
2025-08-12T00:31:45Z,AAPL,stock,-0.49,-0.49,0.689,-0.12528512610999556,2,0.035,,0.27
2025-08-12T00:31:45Z,MSFT,stock,0.349,0.349,0.866,-0.15424875966227383,3,0.048,,0.36
2025-08-12T00:34:29Z,BTC/USD,crypto,-0.409,-0.409,0.523,0.539208457474683,1,-0.044,,0.0
2025-08-12T00:34:29Z,ETH/USD,crypto,0.961,0.961,0.695,0.08809807329860887,2,0.014,HYPE_ONLY,0.45
2025-08-12T00:34:29Z,SPY,stock,-0.01,-0.01,0.554,0.7370606792985974,1,0.009,,0.0
2025-08-12T00:34:29Z,AAPL,stock,-0.364,-0.364,0.551,-0.32060044325425036,2,-0.014,,0.0
2025-08-12T00:34:29Z,MSFT,stock,-0.426,-0.426,0.629,-0.5602512902366674,1,0.027,HYPE_ONLY,0.0
2025-08-12T00:34:44Z,BTC/USD,crypto,0.241,0.241,0.827,-0.3955197699350666,2,0.021,,0.49
2025-08-12T00:34:44Z,ETH/USD,crypto,0.64,0.64,0.867,-0.4239217762932023,3,-0.027,,0.28
2025-08-12T00:34:44Z,SPY,stock,-0.047,-0.047,0.877,-0.08507599372166173,2,-0.024,,0.32
2025-08-12T00:34:44Z,AAPL,stock,0.062,0.062,0.893,0.21925504387266395,3,0.049,,0.35
2025-08-12T00:34:44Z,MSFT,stock,0.201,0.201,0.578,0.37344186525877876,2,-0.032,HYPE_ONLY,0.0
2025-08-12T00:38:49Z,BTC/USD,crypto,0.512,0.512,0.518,-0.20404024735560478,3,0.019,,0.0
2025-08-12T00:38:49Z,ETH/USD,crypto,-0.036,-0.036,0.83,0.3312246625597428,1,0.032,,0.59
2025-08-12T00:38:49Z,SPY,stock,-0.865,-0.865,0.544,0.7132135292711855,1,-0.01,,0.0
2025-08-12T00:38:49Z,AAPL,stock,0.99,0.99,0.885,-0.6419268217243278,1,0.017,,0.54
2025-08-12T00:38:49Z,MSFT,stock,-0.045,-0.045,0.57,-0.7659232697145074,2,0.014,,0.0
2025-08-12T00:39:42Z,BTC/USD,crypto,0.435,0.435,0.847,0.611422470637363,2,0.033,HYPE_ONLY,0.28
2025-08-12T00:39:42Z,ETH/USD,crypto,0.149,0.149,0.502,0.356964313705032,2,-0.048,,0.0
2025-08-12T00:39:42Z,SPY,stock,-0.376,-0.376,0.756,-0.7989486427626117,3,-0.027,HYPE_ONLY,0.29
2025-08-12T00:39:42Z,AAPL,stock,-0.898,-0.898,0.637,-0.6380072635312294,2,0.041,,0.0
2025-08-12T00:39:42Z,MSFT,stock,0.536,0.536,0.523,0.5059839376409953,1,-0.009,,0.0
2025-08-12T00:41:08Z,BTC/USD,crypto,0.823,0.823,0.52,-0.6895637119604099,3,-0.048,,0.0
2025-08-12T00:41:08Z,ETH/USD,crypto,-0.307,-0.307,0.891,0.4522023910503435,1,-0.024,,0.67
2025-08-12T00:41:08Z,SPY,stock,0.103,0.103,0.507,0.3859556081001207,1,0.005,HYPE_ONLY,0.0
2025-08-12T00:41:08Z,AAPL,stock,0.155,0.155,0.89,0.3525848557943197,2,0.012,HYPE_ONLY,0.25
2025-08-12T00:41:08Z,MSFT,stock,0.001,0.001,0.783,0.6216219306298884,1,0.002,,0.55
2025-08-12T00:43:00Z,BTC/USD,crypto,0.558,0.558,0.614,0.11503246937602557,1,-0.04,,0.0
2025-08-12T00:43:00Z,ETH/USD,crypto,0.46,0.46,0.868,0.4436118087229128,1,0.018,,0.7
2025-08-12T00:43:00Z,SPY,stock,-0.142,-0.142,0.892,-0.5111718326822215,1,0.033,,0.56
2025-08-12T00:43:00Z,AAPL,stock,0.253,0.253,0.747,-0.6129003130829925,1,-0.008,,0.38
2025-08-12T00:43:00Z,MSFT,stock,0.775,0.775,0.813,0.6134725801005112,1,0.011,,0.27
2025-08-12T01:05:05Z,BTC/USD,crypto,0.351,0.351,0.607,0.6048005477880343,3,-0.023,HYPE_ONLY,0.0
2025-08-12T01:05:05Z,ETH/USD,crypto,-0.699,-0.699,0.559,-0.31208708618785597,3,-0.021,,0.0
2025-08-12T01:05:05Z,SPY,stock,-0.971,-0.971,0.618,-0.5797487793934201,2,-0.025,HYPE_ONLY,0.0
2025-08-12T01:05:05Z,AAPL,stock,0.278,0.278,0.727,0.7231969676569375,3,0.016,,0.32
2025-08-12T01:05:05Z,MSFT,stock,-0.544,-0.544,0.617,-0.7408471123418116,2,0.006,,0.0
2025-08-12T01:19:20Z,BTC/USD,crypto,0.987,0.987,0.575,-0.5364713804173481,3,-0.01,,0.0
2025-08-12T01:19:20Z,ETH/USD,crypto,0.543,0.543,0.845,-0.530130536696014,3,0.002,HYPE_ONLY,0.71
2025-08-12T01:19:20Z,SPY,stock,-0.635,-0.635,0.501,0.32150589684209724,1,-0.002,HYPE_ONLY,0.0
2025-08-12T01:19:20Z,AAPL,stock,-0.729,-0.729,0.705,0.24135378494453316,2,0.04,,0.53
2025-08-12T01:19:20Z,MSFT,stock,0.141,0.141,0.874,-0.6351553037237337,2,0.007,HYPE_ONLY,0.38
2025-08-12T01:20:11Z,BTC/USD,crypto,-0.835,-0.835,0.793,-0.04172213906374828,2,-0.041,HYPE_ONLY,0.71
2025-08-12T01:20:11Z,ETH/USD,crypto,-0.648,-0.648,0.754,0.3245770909922903,2,-0.027,,0.41
2025-08-12T01:20:11Z,SPY,stock,-0.378,-0.378,0.811,-0.2941632902789731,3,0.025,,0.75
2025-08-12T01:20:11Z,AAPL,stock,-0.557,-0.557,0.702,0.5772312241915358,2,-0.031,,0.41
2025-08-12T01:20:11Z,MSFT,stock,-0.038,-0.038,0.73,0.4607168453482877,1,0.008,,0.34
2025-08-12T01:25:56Z,BTC/USD,crypto,-0.573,-0.573,0.688,-0.179181070257904,2,0.045,,0.58
2025-08-12T01:25:56Z,ETH/USD,crypto,-0.322,-0.322,0.699,0.6515122235744828,2,0.026,,0.28
2025-08-12T01:25:56Z,SPY,stock,0.666,0.666,0.717,0.5585172462689275,2,-0.036,HYPE_ONLY,0.75
2025-08-12T01:25:56Z,AAPL,stock,-0.07,-0.07,0.571,0.5939288538568869,1,0.021,HYPE_ONLY,0.0
2025-08-12T01:25:56Z,MSFT,stock,-0.915,-0.915,0.524,-0.7555068884942372,1,-0.016,,0.0
2025-08-12T01:38:13Z,BTC/USD,crypto,-0.703,-0.703,0.883,-0.2748532558363877,3,-0.015,,0.69
2025-08-12T01:38:13Z,ETH/USD,crypto,-0.168,-0.168,0.859,-0.399509383384464,1,-0.025,,0.61
2025-08-12T01:38:13Z,SPY,stock,-0.995,-0.995,0.832,0.5136806191535778,3,0.009,HYPE_ONLY,0.32
2025-08-12T01:38:13Z,AAPL,stock,0.272,0.272,0.772,-0.2757421799687007,2,-0.009,,0.47
2025-08-12T01:38:13Z,MSFT,stock,-0.28,-0.28,0.553,-0.42418765701628547,2,-0.001,,0.0
2025-08-12T01:48:02Z,BTC/USD,crypto,0.8,0.8,0.866,-0.5235021272259167,3,0.01,,0.51
2025-08-12T01:48:02Z,ETH/USD,crypto,0.717,0.717,0.554,0.36479432142415913,3,-0.002,,0.0
2025-08-12T01:48:02Z,SPY,stock,0.306,0.306,0.775,0.7321921698157025,2,0.007,HYPE_ONLY,0.63
2025-08-12T01:48:02Z,AAPL,stock,0.24,0.24,0.509,-0.5473736367135756,1,-0.005,,0.0
2025-08-12T01:48:02Z,MSFT,stock,-0.021,-0.021,0.545,-0.5724020038290044,3,0.034,HYPE_ONLY,0.0
2025-08-12T01:59:14Z,BTC/USD,crypto,-0.625,-0.625,0.538,0.3258019147468298,2,0.039,,0.0
2025-08-12T01:59:14Z,ETH/USD,crypto,-0.134,-0.134,0.735,0.33039485681555675,2,-0.019,,0.65
2025-08-12T01:59:14Z,SPY,stock,-0.168,-0.168,0.827,-0.30510605612214153,2,0.042,HYPE_ONLY,0.46
2025-08-12T01:59:14Z,AAPL,stock,0.259,0.259,0.599,0.47952800743877727,1,-0.037,,0.0
2025-08-12T01:59:14Z,MSFT,stock,-0.527,-0.527,0.622,0.5980571076446051,3,0.012,,0.0
2025-08-12T02:07:11Z,BTC/USD,crypto,0.224,0.224,0.807,-0.6730585559331077,3,0.048,,0.59
2025-08-12T02:07:11Z,ETH/USD,crypto,-0.217,-0.217,0.562,-0.34230496979514274,1,-0.01,,0.0
2025-08-12T02:07:11Z,SPY,stock,0.327,0.327,0.866,0.36420401719207135,2,-0.048,,0.57
2025-08-12T02:07:11Z,AAPL,stock,-0.346,-0.346,0.869,0.4506305548898341,2,0.024,,0.25
2025-08-12T02:07:11Z,MSFT,stock,-0.288,-0.288,0.555,-0.06258537045398409,1,0.007,,0.0
2025-08-12T02:16:45Z,BTC/USD,crypto,-0.076,-0.076,0.58,0.2876812059179153,1,-0.011,HYPE_ONLY,0.0
2025-08-12T02:16:45Z,ETH/USD,crypto,-0.286,-0.286,0.549,-0.38690946284151423,2,0.033,,0.0
2025-08-12T02:16:45Z,SPY,stock,0.055,0.055,0.733,-0.3752308116456739,2,-0.015,,0.68
2025-08-12T02:16:45Z,AAPL,stock,0.776,0.776,0.806,0.1325704668581645,2,0.029,HYPE_ONLY,0.29
2025-08-12T02:16:45Z,MSFT,stock,0.366,0.366,0.767,0.33019602064831727,2,0.019,HYPE_ONLY,0.35
2025-08-12T02:25:11Z,BTC/USD,crypto,0.493,0.493,0.791,-0.15533023556966707,2,-0.002,HYPE_ONLY,0.68
2025-08-12T02:25:11Z,ETH/USD,crypto,-0.062,-0.062,0.55,0.11167042346654359,2,0.02,,0.0
2025-08-12T02:25:11Z,SPY,stock,0.918,0.918,0.861,0.6573116035816012,3,-0.011,,0.41
2025-08-12T02:25:11Z,AAPL,stock,-0.937,-0.937,0.616,0.49617164876758596,3,-0.025,,0.0
2025-08-12T02:25:11Z,MSFT,stock,0.775,0.775,0.511,-0.07452139804938564,1,0.01,,0.0
2025-08-12T02:27:12Z,BTC/USD,crypto,-0.336,-0.336,0.671,0.27781899297942214,3,0.031,,0.31
2025-08-12T02:27:12Z,ETH/USD,crypto,0.276,0.276,0.529,0.528757458273464,3,-0.021,,0.0
2025-08-12T02:27:12Z,SPY,stock,0.176,0.176,0.608,0.43935497960234193,1,0.03,,0.0
2025-08-12T02:27:12Z,AAPL,stock,0.665,0.665,0.538,-0.7739637377329416,2,-0.002,,0.0
2025-08-12T02:27:12Z,MSFT,stock,-0.179,-0.179,0.512,0.4536049441389359,1,-0.037,,0.0
2025-08-12T02:28:17Z,BTC/USD,crypto,-0.768,-0.768,0.787,0.6279902862357298,1,-0.017,HYPE_ONLY,0.52
2025-08-12T02:28:17Z,ETH/USD,crypto,-0.116,-0.116,0.609,0.216201171356718,2,0.026,,0.0
2025-08-12T02:28:17Z,SPY,stock,-0.672,-0.672,0.569,-0.08827880386342245,2,-0.004,,0.0
2025-08-12T02:28:17Z,AAPL,stock,0.81,0.81,0.756,-0.5397223738600131,1,-0.033,HYPE_ONLY,0.56
2025-08-12T02:28:17Z,MSFT,stock,-0.213,-0.213,0.755,-0.047793595287232545,1,0.038,HYPE_ONLY,0.45
2025-08-12T02:29:03Z,BTC/USD,crypto,0.273,0.273,0.769,0.003929197340084656,1,0.05,HYPE_ONLY,0.74
2025-08-12T02:29:03Z,ETH/USD,crypto,0.989,0.989,0.644,0.059260038791158286,3,-0.045,,0.0
2025-08-12T02:29:03Z,SPY,stock,-0.633,-0.633,0.685,0.04372478347887849,3,-0.047,HYPE_ONLY,0.64
2025-08-12T02:29:03Z,AAPL,stock,0.05,0.05,0.69,0.5163484297467608,1,0.014,HYPE_ONLY,0.46
2025-08-12T02:29:03Z,MSFT,stock,-0.706,-0.706,0.502,0.41190754027046417,3,0.027,,0.0
2025-08-12T02:35:11Z,BTC/USD,crypto,0.099,0.099,0.713,0.06697366957840174,1,-0.037,,0.26
2025-08-12T02:35:11Z,ETH/USD,crypto,0.494,0.494,0.637,-0.6723254875680911,2,0.045,,0.0
2025-08-12T02:35:11Z,SPY,stock,-0.166,-0.166,0.894,-0.0003975915307112387,1,-0.03,,0.25
2025-08-12T02:35:11Z,AAPL,stock,0.836,0.836,0.58,-0.2884995694542331,3,0.037,HYPE_ONLY,0.0
2025-08-12T02:35:11Z,MSFT,stock,0.195,0.195,0.803,-0.7512833887273639,3,-0.023,HYPE_ONLY,0.51
2025-08-12T02:37:48Z,BTC/USD,crypto,-0.27,-0.27,0.681,-0.5043882624390265,2,0.027,HYPE_ONLY,0.53
2025-08-12T02:37:48Z,ETH/USD,crypto,0.159,0.159,0.596,-0.3281862505834981,3,-0.045,,0.0
2025-08-12T02:37:48Z,SPY,stock,0.491,0.491,0.76,0.46520923030852085,1,-0.043,,0.45
2025-08-12T02:37:48Z,AAPL,stock,0.702,0.702,0.562,-0.04367883367515191,3,-0.015,,0.0
2025-08-12T02:37:48Z,MSFT,stock,-0.969,-0.969,0.867,0.7424392306972805,1,0.045,,0.4
2025-08-12T02:40:40Z,BTC/USD,crypto,0.707,0.707,0.617,-0.4699639550399463,3,0.002,,0.0
2025-08-12T02:40:40Z,ETH/USD,crypto,0.039,0.039,0.794,-0.16510436720512836,3,0.002,,0.34
2025-08-12T02:40:40Z,SPY,stock,0.405,0.405,0.889,-0.06754342624434244,3,0.049,,0.37
2025-08-12T02:40:40Z,AAPL,stock,0.138,0.138,0.86,-0.010007759839661469,1,0.013,,0.49
2025-08-12T02:40:40Z,MSFT,stock,0.628,0.628,0.853,0.6415634222293093,3,0.046,,0.63
2025-08-12T02:44:24Z,BTC/USD,crypto,0.188,0.188,0.666,0.04963419362171546,2,0.028,,0.25
2025-08-12T02:44:24Z,ETH/USD,crypto,-0.773,-0.773,0.854,0.6239547112233538,3,0.021,,0.61
2025-08-12T02:44:24Z,SPY,stock,0.214,0.214,0.577,-0.14403840162391965,1,-0.031,HYPE_ONLY,0.0
2025-08-12T02:44:24Z,AAPL,stock,0.836,0.836,0.681,-0.17775227277872396,1,-0.045,,0.26
2025-08-12T02:44:24Z,MSFT,stock,-0.515,-0.515,0.661,0.658648828654356,2,0.035,,0.65
2025-08-12T16:07:19Z,BTC/USD,crypto,0.626,0.626,0.704,0.432985420066014,3,0.043,,0.6
2025-08-12T16:07:19Z,ETH/USD,crypto,0.511,0.511,0.851,-0.7936981649988947,1,-0.021,,0.47
2025-08-12T16:07:19Z,SPY,stock,0.054,0.054,0.602,-0.4269267710842817,1,-0.012,,0.0
2025-08-12T16:07:19Z,AAPL,stock,0.217,0.217,0.681,0.026626442183375686,3,0.05,HYPE_ONLY,0.31
2025-08-12T16:07:19Z,MSFT,stock,-0.256,-0.256,0.889,-0.535806931976878,3,-0.002,,0.45
2025-08-12T16:13:16Z,BTC/USD,crypto,0.94,0.94,0.814,0.6406733130469897,2,-0.034,,0.61
2025-08-12T16:13:16Z,ETH/USD,crypto,0.965,0.965,0.647,0.5744011766876239,1,-0.023,,0.0
2025-08-12T16:13:16Z,SPY,stock,0.717,0.717,0.643,0.4305507276355666,1,0.014,HYPE_ONLY,0.0
2025-08-12T16:13:16Z,AAPL,stock,-0.095,-0.095,0.731,-0.6363089293246299,1,0.024,,0.46
2025-08-12T16:13:16Z,MSFT,stock,-0.794,-0.794,0.827,0.013411358043890686,3,0.04,,0.56
2025-08-12T16:25:15Z,BTC/USD,crypto,-0.452,-0.452,0.514,-0.7298174743255732,3,-0.016,,0.0
2025-08-12T16:25:15Z,ETH/USD,crypto,-0.345,-0.345,0.856,-0.3519484454177526,3,0.003,,0.34
2025-08-12T16:25:15Z,SPY,stock,0.382,0.382,0.671,0.6534330098217237,2,0.017,,0.27
2025-08-12T16:25:15Z,AAPL,stock,0.046,0.046,0.795,0.3930858400480865,2,0.011,,0.35
2025-08-12T16:25:15Z,MSFT,stock,0.532,0.532,0.897,0.42953961777134886,1,-0.044,,0.39
2025-08-13T13:08:56Z,BTC/USD,crypto,0.222,0.222,0.723,-0.4176832634827701,2,-0.0,,0.34
2025-08-13T13:08:56Z,ETH/USD,crypto,0.004,0.004,0.567,0.35643738065398284,2,0.017,HYPE_ONLY,0.0
2025-08-13T13:08:56Z,SPY,stock,0.856,0.856,0.598,-0.12883243738077452,3,0.02,HYPE_ONLY,0.0
2025-08-13T13:08:56Z,AAPL,stock,0.081,0.081,0.839,-0.7710112554846188,3,0.005,,0.31
2025-08-13T13:08:56Z,MSFT,stock,-0.903,-0.903,0.662,-0.6602746188381058,2,0.035,,0.66
2025-08-13T13:21:54Z,BTC/USD,crypto,0.419,0.419,0.657,0.7520181628145942,3,0.039,HYPE_ONLY,0.38
2025-08-13T13:21:54Z,ETH/USD,crypto,-0.928,-0.928,0.717,-0.15279589916820077,3,0.019,,0.34
2025-08-13T13:21:54Z,ADA/USD,crypto,-0.189,-0.189,0.525,0.23293362128704695,2,-0.014,,0.0
2025-08-13T13:21:54Z,ARB/USD,crypto,-0.288,-0.288,0.854,-0.6659590993873594,3,0.015,,0.56
2025-08-13T13:21:54Z,ATOM/USD,crypto,-0.531,-0.531,0.52,0.18030862746941112,3,0.021,HYPE_ONLY,0.0
2025-08-13T13:21:54Z,AVAX/USD,crypto,-0.532,-0.532,0.635,-0.1398539654021791,3,-0.036,HYPE_ONLY,0.0
2025-08-13T13:21:54Z,BNB/USD,crypto,0.149,0.149,0.702,-0.3891990903856652,3,0.039,,0.57
2025-08-13T13:21:54Z,DOGE/USD,crypto,0.209,0.209,0.513,-0.7701209443880431,3,-0.012,HYPE_ONLY,0.0
2025-08-13T13:21:54Z,DOT/USD,crypto,-0.793,-0.793,0.698,-0.41070100620137406,3,0.049,HYPE_ONLY,0.34
2025-08-13T13:21:54Z,LINK/USD,crypto,-0.068,-0.068,0.768,-0.3917136285212038,1,0.032,,0.43
2025-08-13T13:21:54Z,LTC/USD,crypto,-0.412,-0.412,0.516,-0.338620665686666,3,-0.012,,0.0
2025-08-13T13:21:54Z,POL/USD,crypto,0.667,0.667,0.856,0.6174408739799696,2,-0.001,,0.37
2025-08-13T13:21:54Z,OP/USD,crypto,0.854,0.854,0.768,-0.6782047937746163,3,-0.013,HYPE_ONLY,0.39
2025-08-13T13:21:54Z,SOL/USD,crypto,-0.7,-0.7,0.527,-0.0744851262925069,3,0.027,HYPE_ONLY,0.0
2025-08-13T13:21:54Z,TRX/USD,crypto,0.6,0.6,0.879,0.20727738362898904,1,0.031,,0.72
2025-08-13T13:21:54Z,UNI/USD,crypto,0.856,0.856,0.836,0.2232091617693113,3,0.023,,0.42
2025-08-13T13:21:54Z,XRP/USD,crypto,0.928,0.928,0.677,-0.259017160816188,2,0.004,,0.41
2025-08-13T13:21:54Z,SPY,stock,-0.663,-0.663,0.594,0.06517805230592498,3,0.04,,0.0
2025-08-13T13:21:54Z,AAPL,stock,-0.292,-0.292,0.735,0.3635250204544182,2,0.012,HYPE_ONLY,0.32
2025-08-13T13:21:54Z,MSFT,stock,-0.616,-0.616,0.681,-0.6828982100964803,1,0.014,,0.32
2025-08-13T13:40:53Z,BTC/USD,crypto,0.923,0.923,0.592,-0.13936541648062217,2,0.041,HYPE_ONLY,0.0
2025-08-13T13:40:53Z,ETH/USD,crypto,0.883,0.883,0.799,-0.7103268105106668,3,-0.039,,0.43
2025-08-13T13:40:53Z,ADA/USD,crypto,-0.748,-0.748,0.599,0.5532343282180733,2,0.02,,0.0
2025-08-13T13:40:53Z,ARB/USD,crypto,-0.282,-0.282,0.866,0.1558572690432202,1,0.017,,0.43
2025-08-13T13:40:53Z,ATOM/USD,crypto,-0.776,-0.776,0.639,0.27887271263291286,2,-0.028,,0.0
2025-08-13T13:40:53Z,AVAX/USD,crypto,0.252,0.252,0.871,-0.2678184689546386,3,0.021,,0.36
2025-08-13T13:40:53Z,BNB/USD,crypto,-0.336,-0.336,0.841,0.4544095814529061,3,0.041,,0.36
2025-08-13T13:40:53Z,DOGE/USD,crypto,0.683,0.683,0.607,-0.3521753643866066,2,-0.033,,0.0
2025-08-13T13:40:53Z,DOT/USD,crypto,-0.229,-0.229,0.522,-0.12786448503043032,3,0.021,,0.0
2025-08-13T13:40:53Z,LINK/USD,crypto,0.74,0.74,0.569,0.2781427578225248,3,0.011,HYPE_ONLY,0.0
2025-08-13T13:40:53Z,LTC/USD,crypto,-0.083,-0.083,0.645,0.1599967783236659,3,0.033,,0.0
2025-08-13T13:40:53Z,POL/USD,crypto,-0.951,-0.951,0.78,-0.6620215737104651,1,0.026,HYPE_ONLY,0.66
2025-08-13T13:40:53Z,OP/USD,crypto,0.827,0.827,0.599,-0.21731629064024283,1,-0.023,HYPE_ONLY,0.0
2025-08-13T13:40:53Z,SOL/USD,crypto,0.089,0.089,0.518,-0.6503321554662173,1,0.04,,0.0
2025-08-13T13:40:53Z,TRX/USD,crypto,-0.849,-0.849,0.844,-0.29057533757282844,3,-0.049,HYPE_ONLY,0.45
2025-08-13T13:40:53Z,UNI/USD,crypto,-0.747,-0.747,0.865,-0.7399559447073578,3,-0.01,,0.38
2025-08-13T13:40:53Z,XRP/USD,crypto,-0.031,-0.031,0.893,-0.5868108186633199,2,-0.044,HYPE_ONLY,0.33
2025-08-13T13:40:53Z,SPY,stock,-0.571,-0.571,0.524,0.25190531797014604,2,-0.008,,0.0
2025-08-13T13:40:53Z,AAPL,stock,0.962,0.962,0.709,-0.7419304090568936,1,-0.047,HYPE_ONLY,0.61
2025-08-13T13:40:53Z,MSFT,stock,-0.101,-0.101,0.782,-0.26621558566995723,1,0.039,HYPE_ONLY,0.33
2025-08-13T13:42:16Z,BTC/USD,crypto,0.785,0.785,0.542,0.1643060767015813,1,-0.042,,0.0
2025-08-13T13:42:16Z,ETH/USD,crypto,-0.117,-0.117,0.519,0.25618014373021886,1,-0.012,HYPE_ONLY,0.0
2025-08-13T13:42:16Z,ADA/USD,crypto,-0.971,-0.971,0.704,-0.4481214789422793,3,0.035,,0.44
2025-08-13T13:42:16Z,ARB/USD,crypto,-0.253,-0.253,0.886,-0.21676755671799997,2,0.021,HYPE_ONLY,0.28
2025-08-13T13:42:16Z,ATOM/USD,crypto,-0.253,-0.253,0.77,0.121239173108515,2,-0.046,,0.32
2025-08-13T13:42:16Z,AVAX/USD,crypto,-0.949,-0.949,0.894,-0.29046722256620844,2,-0.002,HYPE_ONLY,0.4
2025-08-13T13:42:16Z,BNB/USD,crypto,0.385,0.385,0.869,0.5460223901481731,1,0.025,,0.73
2025-08-13T13:42:16Z,DOGE/USD,crypto,-0.718,-0.718,0.783,-0.34850263196965,1,0.006,,0.46
2025-08-13T13:42:16Z,DOT/USD,crypto,-0.86,-0.86,0.713,0.774471086589739,3,0.018,,0.46
2025-08-13T13:42:16Z,LINK/USD,crypto,-0.984,-0.984,0.745,0.133525098831511,2,0.019,,0.46
2025-08-13T13:42:16Z,LTC/USD,crypto,0.111,0.111,0.893,-0.2885311696729536,3,-0.035,,0.49
2025-08-13T13:42:16Z,POL/USD,crypto,0.789,0.789,0.577,-0.010261865838398344,3,0.021,,0.0
2025-08-13T13:42:16Z,OP/USD,crypto,0.346,0.346,0.797,0.7178193874114646,1,0.008,HYPE_ONLY,0.41
2025-08-13T13:42:16Z,SOL/USD,crypto,0.987,0.987,0.726,-0.07264747132567119,3,-0.046,,0.45
2025-08-13T13:42:16Z,TRX/USD,crypto,-0.451,-0.451,0.788,-0.14093374790768162,2,-0.048,,0.4
2025-08-13T13:42:16Z,UNI/USD,crypto,0.69,0.69,0.549,0.16330081194209553,2,-0.023,HYPE_ONLY,0.0
2025-08-13T13:42:16Z,XRP/USD,crypto,-0.88,-0.88,0.748,0.6774082128485417,1,-0.014,,0.67
2025-08-13T13:42:16Z,SPY,stock,-0.379,-0.379,0.708,-0.6478513062211361,1,-0.031,HYPE_ONLY,0.67
2025-08-13T13:42:16Z,AAPL,stock,-0.88,-0.88,0.832,0.07028127618761869,3,0.03,,0.58
2025-08-13T13:42:16Z,MSFT,stock,0.109,0.109,0.719,-0.4347505293838236,1,-0.029,HYPE_ONLY,0.46
2025-08-13T14:03:43Z,BTC/USD,crypto,-0.817,-0.817,0.783,-0.6650697407741991,3,-0.016,,0.38
2025-08-13T14:03:43Z,ETH/USD,crypto,0.771,0.771,0.624,0.06777793846566081,1,-0.038,,0.0
2025-08-13T14:03:43Z,ADA/USD,crypto,0.075,0.075,0.762,-0.0377030500188102,1,0.049,HYPE_ONLY,0.57
2025-08-13T14:03:43Z,ARB/USD,crypto,-0.778,-0.778,0.584,0.589614986559495,2,0.022,,0.0
2025-08-13T14:03:43Z,ATOM/USD,crypto,-0.743,-0.743,0.829,0.04828126967920134,1,-0.043,,0.43
2025-08-13T14:03:43Z,AVAX/USD,crypto,0.256,0.256,0.628,-0.7962976298704518,1,0.02,,0.0
2025-08-13T14:03:43Z,BNB/USD,crypto,0.665,0.665,0.658,-0.535037527658652,2,0.049,HYPE_ONLY,0.35
2025-08-13T14:03:43Z,DOGE/USD,crypto,-0.247,-0.247,0.715,0.6604096190478236,2,0.035,,0.47
2025-08-13T14:03:43Z,DOT/USD,crypto,-0.786,-0.786,0.824,0.22214921093797135,3,0.009,,0.31
2025-08-13T14:03:43Z,LINK/USD,crypto,0.112,0.112,0.624,0.10173657609118364,1,0.043,,0.0
2025-08-13T14:03:43Z,LTC/USD,crypto,0.647,0.647,0.555,0.5883664597141022,1,0.041,HYPE_ONLY,0.0
2025-08-13T14:03:43Z,POL/USD,crypto,0.701,0.701,0.851,-0.050219041975521246,3,0.049,,0.71
2025-08-13T14:03:43Z,OP/USD,crypto,0.891,0.891,0.835,-0.10244568986940407,1,-0.015,HYPE_ONLY,0.54
2025-08-13T14:03:43Z,SOL/USD,crypto,0.469,0.469,0.785,-0.06486068354281009,3,-0.035,HYPE_ONLY,0.54
2025-08-13T14:03:43Z,TRX/USD,crypto,-0.297,-0.297,0.666,-0.12272485237461783,1,-0.014,,0.52
2025-08-13T14:03:43Z,UNI/USD,crypto,-0.17,-0.17,0.766,-0.46116615506266906,3,-0.037,,0.43
2025-08-13T14:03:43Z,XRP/USD,crypto,0.406,0.406,0.858,0.26175781917403834,3,-0.006,HYPE_ONLY,0.31
2025-08-13T14:03:43Z,SPY,stock,0.988,0.988,0.593,-0.7863869160718698,2,-0.022,,0.0
2025-08-13T14:03:43Z,AAPL,stock,0.769,0.769,0.514,0.3078621738273149,2,-0.006,,0.0
2025-08-13T14:03:43Z,MSFT,stock,-0.169,-0.169,0.659,-0.4356703386790293,2,0.046,HYPE_ONLY,0.49
2025-08-13T14:10:19Z,BTC/USD,crypto,0.934,0.934,0.673,0.26865261436148363,1,0.002,,0.31
2025-08-13T14:10:19Z,ETH/USD,crypto,-0.921,-0.921,0.844,-0.6263402955822074,3,-0.014,HYPE_ONLY,0.47
2025-08-13T14:10:19Z,ADA/USD,crypto,0.648,0.648,0.535,-0.260216468792005,2,0.048,,0.0
2025-08-13T14:10:19Z,ARB/USD,crypto,-0.562,-0.562,0.628,0.3598031523500804,3,0.044,,0.0
2025-08-13T14:10:19Z,ATOM/USD,crypto,-0.755,-0.755,0.561,-0.10267581809083896,3,-0.038,HYPE_ONLY,0.0
2025-08-13T14:10:19Z,AVAX/USD,crypto,0.404,0.404,0.803,-0.3427188702977892,2,0.009,,0.55
2025-08-13T14:10:19Z,BNB/USD,crypto,0.828,0.828,0.762,-0.18550105523994417,3,0.024,,0.57
2025-08-13T14:10:19Z,DOGE/USD,crypto,0.968,0.968,0.576,0.1105290628653396,1,0.039,,0.0
2025-08-13T14:10:19Z,DOT/USD,crypto,0.353,0.353,0.791,-0.22124965718454703,2,0.025,,0.61
2025-08-13T14:10:19Z,LINK/USD,crypto,-0.535,-0.535,0.72,-0.7435772564785487,3,-0.04,,0.58
2025-08-13T14:10:19Z,LTC/USD,crypto,-0.86,-0.86,0.522,0.05972554369538638,2,-0.043,,0.0
2025-08-13T14:10:19Z,POL/USD,crypto,0.653,0.653,0.632,0.13049199806273978,2,-0.035,,0.0
2025-08-13T14:10:19Z,OP/USD,crypto,0.266,0.266,0.545,-0.32538283033104065,2,-0.018,,0.0
2025-08-13T14:10:19Z,SOL/USD,crypto,0.326,0.326,0.746,0.6873239194471478,3,-0.014,HYPE_ONLY,0.68
2025-08-13T14:10:19Z,TRX/USD,crypto,0.058,0.058,0.89,0.09708610461721516,2,-0.016,,0.39
2025-08-13T14:10:19Z,UNI/USD,crypto,0.479,0.479,0.878,0.5129674709049438,1,0.034,HYPE_ONLY,0.61
2025-08-13T14:10:19Z,XRP/USD,crypto,0.334,0.334,0.701,-0.30952782262666734,1,0.01,HYPE_ONLY,0.48
2025-08-13T14:10:19Z,SPY,stock,-0.917,-0.917,0.79,0.6849886186435831,3,0.026,HYPE_ONLY,0.46
2025-08-13T14:10:19Z,AAPL,stock,0.933,0.933,0.754,-0.3188557267350404,1,0.036,,0.33
2025-08-13T14:10:19Z,MSFT,stock,-0.723,-0.723,0.528,0.2200816765047099,1,-0.036,,0.0
2025-08-13T14:13:42Z,BTC/USD,crypto,0.799,0.799,0.767,0.7270152237060737,1,-0.05,,0.54
2025-08-13T14:13:42Z,ETH/USD,crypto,-0.249,-0.249,0.654,-0.42822958389324256,2,-0.03,,0.54
2025-08-13T14:13:42Z,ADA/USD,crypto,-0.482,-0.482,0.653,-0.783991523463942,1,-0.041,,0.34
2025-08-13T14:13:42Z,ARB/USD,crypto,-0.806,-0.806,0.887,0.6199183495462809,3,-0.02,HYPE_ONLY,0.57
2025-08-13T14:13:42Z,ATOM/USD,crypto,-0.671,-0.671,0.676,0.030492207066206232,1,-0.043,,0.45
2025-08-13T14:13:42Z,AVAX/USD,crypto,0.419,0.419,0.549,-0.643743339977165,1,-0.01,,0.0
2025-08-13T14:13:42Z,BNB/USD,crypto,0.352,0.352,0.555,0.3140884202762413,1,-0.031,,0.0
2025-08-13T14:13:42Z,DOGE/USD,crypto,0.588,0.588,0.553,0.3276960537921431,3,-0.014,HYPE_ONLY,0.0
2025-08-13T14:13:42Z,DOT/USD,crypto,-0.62,-0.62,0.846,-0.20284703732490017,2,0.049,HYPE_ONLY,0.26
2025-08-13T14:13:42Z,LINK/USD,crypto,-0.037,-0.037,0.655,0.7838355063794245,3,-0.011,,0.39
2025-08-13T14:13:42Z,LTC/USD,crypto,0.967,0.967,0.712,-0.2613589413751715,3,0.003,,0.67
2025-08-13T14:13:42Z,POL/USD,crypto,0.088,0.088,0.623,-0.23607560847056008,1,0.044,,0.0
2025-08-13T14:13:42Z,OP/USD,crypto,-0.456,-0.456,0.615,-0.3189058572029113,2,0.023,HYPE_ONLY,0.0
2025-08-13T14:13:42Z,SOL/USD,crypto,-0.922,-0.922,0.67,-0.1639601409396427,2,-0.019,,0.45
2025-08-13T14:13:42Z,TRX/USD,crypto,0.887,0.887,0.868,0.5994386742501515,2,-0.046,HYPE_ONLY,0.42
2025-08-13T14:13:42Z,UNI/USD,crypto,0.35,0.35,0.702,-0.4553103275203531,3,-0.004,HYPE_ONLY,0.3
2025-08-13T14:13:42Z,XRP/USD,crypto,0.282,0.282,0.856,0.1802109262305189,2,0.003,,0.32
2025-08-13T14:13:42Z,SPY,stock,0.901,0.901,0.766,0.7758632668402842,2,0.044,HYPE_ONLY,0.39
2025-08-13T14:13:42Z,AAPL,stock,0.507,0.507,0.674,0.6743435143139033,3,-0.016,,0.59
2025-08-13T14:13:42Z,MSFT,stock,-0.332,-0.332,0.763,0.5089168995039769,3,0.015,,0.71
2025-08-13T14:15:20Z,BTC/USD,crypto,-0.576,-0.576,0.668,-0.019187988954057645,3,-0.04,HYPE_ONLY,0.33
2025-08-13T14:15:20Z,ETH/USD,crypto,0.957,0.957,0.583,-0.1718290654080329,2,-0.01,,0.0
2025-08-13T14:15:20Z,ADA/USD,crypto,0.858,0.858,0.876,0.4766028474459709,1,0.028,,0.55
2025-08-13T14:15:20Z,ARB/USD,crypto,-0.865,-0.865,0.767,0.5449679764673522,2,-0.004,,0.6
2025-08-13T14:15:20Z,ATOM/USD,crypto,-0.62,-0.62,0.503,-0.16680159858487256,2,-0.043,,0.0
2025-08-13T14:15:20Z,AVAX/USD,crypto,-0.855,-0.855,0.577,0.6809957620765489,3,0.049,,0.0
2025-08-13T14:15:20Z,BNB/USD,crypto,-0.731,-0.731,0.649,0.13938753088739178,1,0.05,,0.0
2025-08-13T14:15:20Z,DOGE/USD,crypto,0.535,0.535,0.675,0.5031274734788018,1,-0.002,HYPE_ONLY,0.51
2025-08-13T14:15:20Z,DOT/USD,crypto,0.976,0.976,0.622,0.5917602164248631,3,0.025,,0.0
2025-08-13T14:15:20Z,LINK/USD,crypto,0.579,0.579,0.605,0.29815449488990403,3,-0.037,HYPE_ONLY,0.0
2025-08-13T14:15:20Z,LTC/USD,crypto,0.822,0.822,0.735,0.6728614968979122,3,-0.009,HYPE_ONLY,0.47
2025-08-13T14:15:20Z,POL/USD,crypto,0.239,0.239,0.764,-0.10733213183496026,2,0.003,,0.52
2025-08-13T14:15:20Z,OP/USD,crypto,-0.874,-0.874,0.838,0.13764842309756223,1,0.011,,0.39
2025-08-13T14:15:20Z,SOL/USD,crypto,-0.153,-0.153,0.613,0.685209210557081,3,0.014,,0.0
2025-08-13T14:15:20Z,TRX/USD,crypto,0.741,0.741,0.509,0.010653987456581504,2,-0.012,HYPE_ONLY,0.0
2025-08-13T14:15:20Z,UNI/USD,crypto,-0.618,-0.618,0.736,0.579139731797772,1,-0.0,,0.51
2025-08-13T14:15:20Z,XRP/USD,crypto,0.134,0.134,0.647,-0.701726164915061,3,-0.029,,0.0
2025-08-13T14:15:20Z,SPY,stock,0.994,0.994,0.803,0.686572378986155,1,0.009,,0.35
2025-08-13T14:15:20Z,AAPL,stock,-0.059,-0.059,0.778,-0.7181186003715991,3,-0.023,,0.57
2025-08-13T14:15:20Z,MSFT,stock,-0.79,-0.79,0.863,0.4478990762919977,3,-0.041,HYPE_ONLY,0.35
2025-08-13T14:17:39Z,BTC/USD,crypto,-0.385,-0.385,0.774,-0.04042187951947813,2,-0.009,HYPE_ONLY,0.38
2025-08-13T14:17:39Z,ETH/USD,crypto,-0.234,-0.234,0.599,0.5158523379482204,1,-0.011,,0.0
2025-08-13T14:17:39Z,ADA/USD,crypto,0.838,0.838,0.554,-0.7798282467848273,1,-0.011,HYPE_ONLY,0.0
2025-08-13T14:17:39Z,ARB/USD,crypto,0.727,0.727,0.526,-0.6058350876600844,1,0.029,,0.0
2025-08-13T14:17:39Z,ATOM/USD,crypto,-0.805,-0.805,0.772,-0.16204226272004937,3,-0.05,,0.72
2025-08-13T14:17:39Z,AVAX/USD,crypto,-0.776,-0.776,0.763,0.6722070322344588,1,-0.007,,0.67
2025-08-13T14:17:39Z,BNB/USD,crypto,0.745,0.745,0.528,0.7305145947785898,3,-0.015,,0.0
2025-08-13T14:17:39Z,DOGE/USD,crypto,0.229,0.229,0.754,0.5172591891693766,2,-0.045,,0.58
2025-08-13T14:17:39Z,DOT/USD,crypto,0.779,0.779,0.54,0.11956138784819464,1,0.02,,0.0
2025-08-13T14:17:39Z,LINK/USD,crypto,-0.977,-0.977,0.531,-0.05619900954482162,3,-0.047,,0.0
2025-08-13T14:17:39Z,LTC/USD,crypto,0.561,0.561,0.858,0.35776952528656536,3,0.047,HYPE_ONLY,0.6
2025-08-13T14:17:39Z,POL/USD,crypto,0.029,0.029,0.743,0.1415282805921457,3,-0.048,,0.43
2025-08-13T14:17:39Z,OP/USD,crypto,0.519,0.519,0.609,-0.11228870185815065,2,0.0,HYPE_ONLY,0.0
2025-08-13T14:17:39Z,SOL/USD,crypto,0.053,0.053,0.819,-0.3213653518614111,2,-0.034,HYPE_ONLY,0.26
2025-08-13T14:17:39Z,TRX/USD,crypto,-0.525,-0.525,0.738,-0.06134480761533112,2,0.047,,0.55
2025-08-13T14:17:39Z,UNI/USD,crypto,0.314,0.314,0.726,-0.3239956230295236,2,0.013,,0.65
2025-08-13T14:17:39Z,XRP/USD,crypto,0.342,0.342,0.541,-0.6356007662910574,1,-0.017,,0.0
2025-08-13T14:17:39Z,SPY,stock,-0.704,-0.704,0.569,-0.4675582786491545,2,-0.007,,0.0
2025-08-13T14:17:39Z,AAPL,stock,0.716,0.716,0.599,-0.35687489291095975,1,-0.04,,0.0
2025-08-13T14:17:39Z,MSFT,stock,-0.92,-0.92,0.796,0.2561019399985199,2,-0.014,,0.4
2025-08-13T14:40:13Z,BTC/USD,crypto,0.064,0.064,0.855,-0.26064754727476686,3,-0.012,,0.35
2025-08-13T14:40:13Z,ETH/USD,crypto,-0.594,-0.594,0.811,-0.04249987949316711,1,0.019,,0.44
2025-08-13T14:40:13Z,ADA/USD,crypto,0.843,0.843,0.568,-0.40426398225835186,2,0.028,,0.0
2025-08-13T14:40:13Z,ARB/USD,crypto,-0.411,-0.411,0.532,0.5968439525021656,3,0.01,,0.0
2025-08-13T14:40:13Z,ATOM/USD,crypto,0.61,0.61,0.645,-0.37514597110117354,3,0.027,,0.0
2025-08-13T14:40:13Z,AVAX/USD,crypto,-0.096,-0.096,0.668,-0.03482694873334608,1,0.008,,0.25
2025-08-13T14:40:13Z,BNB/USD,crypto,0.681,0.681,0.625,0.08596755519046688,3,-0.031,,0.0
2025-08-13T14:40:13Z,DOGE/USD,crypto,0.825,0.825,0.539,-0.6625213267289806,2,0.046,HYPE_ONLY,0.0
2025-08-13T14:40:13Z,DOT/USD,crypto,0.451,0.451,0.801,-0.4178864514666946,3,0.045,,0.58
2025-08-13T14:40:13Z,LINK/USD,crypto,0.675,0.675,0.809,-0.11908768745212245,3,0.002,,0.6
2025-08-13T14:40:13Z,LTC/USD,crypto,-0.458,-0.458,0.768,-0.6840054664326156,3,-0.041,HYPE_ONLY,0.53
2025-08-13T14:40:13Z,POL/USD,crypto,0.426,0.426,0.565,0.7321213008957111,1,0.026,,0.0
2025-08-13T14:40:13Z,OP/USD,crypto,0.883,0.883,0.744,0.571151083552264,2,0.013,HYPE_ONLY,0.55
2025-08-13T14:40:13Z,SOL/USD,crypto,0.612,0.612,0.788,-0.5671585512752761,1,-0.003,,0.56
2025-08-13T14:40:13Z,TRX/USD,crypto,0.876,0.876,0.746,-0.7076045479163374,2,0.004,,0.45
2025-08-13T14:40:13Z,UNI/USD,crypto,-0.665,-0.665,0.604,-0.5287787162781653,1,0.041,,0.0
2025-08-13T14:40:13Z,XRP/USD,crypto,0.083,0.083,0.808,-0.7895989435900107,3,0.037,,0.61
2025-08-13T14:40:13Z,SPY,stock,-0.403,-0.403,0.524,0.7409152514215487,3,0.046,,0.0
2025-08-13T14:40:13Z,AAPL,stock,-0.817,-0.817,0.767,0.2841273639719915,2,-0.043,,0.43
2025-08-13T14:40:13Z,MSFT,stock,-0.061,-0.061,0.657,0.17277019629483023,1,-0.044,HYPE_ONLY,0.39
2025-08-13T14:48:47Z,BTC/USD,crypto,0.159,0.159,0.601,0.5224420722783538,2,0.009,,0.0
2025-08-13T14:48:47Z,ETH/USD,crypto,0.693,0.693,0.547,-0.55892685013242,2,-0.013,,0.0
2025-08-13T14:48:47Z,ADA/USD,crypto,0.371,0.371,0.71,-0.09185778802305045,1,-0.046,,0.63
2025-08-13T14:48:47Z,ARB/USD,crypto,0.518,0.518,0.725,0.6968460496331884,3,0.036,HYPE_ONLY,0.6
2025-08-13T14:48:47Z,ATOM/USD,crypto,-0.063,-0.063,0.752,-0.22991836395180998,2,0.012,,0.53
2025-08-13T14:48:47Z,AVAX/USD,crypto,0.458,0.458,0.842,0.5743096168919344,1,-0.036,HYPE_ONLY,0.27
2025-08-13T14:48:47Z,BNB/USD,crypto,-0.11,-0.11,0.631,-0.6897227777029054,1,0.022,,0.0
2025-08-13T14:48:47Z,DOGE/USD,crypto,-0.803,-0.803,0.574,0.6651418058248222,1,0.004,,0.0
2025-08-13T14:48:47Z,DOT/USD,crypto,-0.798,-0.798,0.66,0.3740826045257956,1,0.015,,0.51
2025-08-13T14:48:47Z,LINK/USD,crypto,0.389,0.389,0.793,0.6174363901083773,3,0.032,,0.47
2025-08-13T14:48:47Z,LTC/USD,crypto,-0.974,-0.974,0.503,0.41535175742632297,1,-0.047,,0.0
2025-08-13T14:48:47Z,POL/USD,crypto,-0.935,-0.935,0.772,-0.759516458511432,3,-0.006,HYPE_ONLY,0.57
2025-08-13T14:48:47Z,OP/USD,crypto,-0.981,-0.981,0.862,-0.038455655452363575,3,0.034,,0.43
2025-08-13T14:48:47Z,SOL/USD,crypto,-0.203,-0.203,0.666,-0.5903250958076711,1,0.018,HYPE_ONLY,0.64
2025-08-13T14:48:47Z,TRX/USD,crypto,-0.712,-0.712,0.786,-0.028447381745839093,2,0.001,,0.46
2025-08-13T14:48:47Z,UNI/USD,crypto,0.842,0.842,0.551,0.10673642098966152,1,-0.004,,0.0
2025-08-13T14:48:47Z,XRP/USD,crypto,0.536,0.536,0.544,0.21747077816148738,3,0.031,HYPE_ONLY,0.0
2025-08-13T14:48:47Z,SPY,stock,0.877,0.877,0.57,-0.7521431205166595,1,-0.028,HYPE_ONLY,0.0
2025-08-13T14:48:47Z,AAPL,stock,-0.054,-0.054,0.706,-0.6515842836844514,3,-0.032,,0.55
2025-08-13T14:48:47Z,MSFT,stock,-0.503,-0.503,0.625,0.18223388922878847,2,0.043,HYPE_ONLY,0.0
